"","Player","Team","GP","TOI","TOI/GP","Shots Against/60","Saves/60","SV%","GAA","GSAA/60","xG Against/60","HD Shots Against/60","HD Saves/60","HDSV%","HDGAA","HDGSAA/60","MD Shots Against/60","MD Saves/60","MDSV%","MDGAA","MDGSAA/60","LD Shots Against/60","LD Saves/60","LDSV%","LDGAA","LDGSAA/60","Rush Attempts Against/60","Rebound Attempts Against/60","Avg. Shot Distance","Avg. Goal Distance"
"18","Jonathan Quick","L.A","64","318.38333333333","4.9747395833333","13.19","13.19","1.000","0.00","1.04","0.73","2.07","2.07","1.000","0.00","0.43","2.83","2.83","1.000","0.00","0.25","2.45","2.45","1.000","0.00","0.09","2.07","0.57","83.13","-"
"47","Anton Forsberg","CAR, OTT","11","41.466666666667","3.769696969697","5.79","5.79","1.000","0.00","0.46","0.18","1.45","1.45","1.000","0.00","0.30","0","0","-","0.00","0.00","1.45","1.45","1.000","0.00","0.05","1.45","0","93.75","-"
"52","Maxime Lagace","PIT","1","4","4","15","15","1.000","0.00","1.19","0","0","0","-","0.00","0.00","0","0","-","0.00","0.00","0","0","-","0.00","0.00","0","0","179.00","-"
"53","Oscar Dansk","VGK","2","14.583333333333","7.2916666666667","8.23","8.23","1.000","0.00","0.65","0.16","0","0","-","0.00","0.00","0","0","-","0.00","0.00","4.11","4.11","1.000","0.00","0.14","0","0","99.00","-"
"59","Anthony Stolarz","ANA","9","30.883333333333","3.4314814814815","5.83","5.83","1.000","0.00","0.46","0.01","0","0","-","0.00","0.00","0","0","-","0.00","0.00","0","0","-","0.00","0.00","1.94","0","162.33","-"
"63","Troy Grosenick","L.A","2","8.5166666666667","4.2583333333333","7.05","7.05","1.000","0.00","0.56","0.01","0","0","-","0.00","0.00","0","0","-","0.00","0.00","0","0","-","0.00","0.00","7.05","0","167.00","-"
"65","Antoine Bibeau","COL","2","11.9","5.95","10.08","10.08","1.000","0.00","0.80","0.01","0","0","-","0.00","0.00","0","0","-","0.00","0.00","0","0","-","0.00","0.00","0","0","148.00","-"
"74","Jonas Johansson","BUF, COL","21","85.216666666667","4.0579365079365","5.63","5.63","1.000","0.00","0.45","0.26","1.41","1.41","1.000","0.00","0.29","0","0","-","0.00","0.00","0.7","0.7","1.000","0.00","0.02","1.41","0","106.25","-"
"75","Elvis Merzlikins","CBJ","60","189.23333333333","3.1538888888889","8.56","8.56","1.000","0.00","0.68","0.49","1.9","1.9","1.000","0.00","0.39","1.27","1.27","1.000","0.00","0.11","2.54","2.54","1.000","0.00","0.09","0","0","73.00","-"
"76","Ilya Sorokin","NYI","22","116.15","5.2795454545455","8.27","8.27","1.000","0.00","0.65","0.83","1.55","1.55","1.000","0.00","0.32","2.58","2.58","1.000","0.00","0.23","1.03","1.03","1.000","0.00","0.04","2.07","0.52","74.75","-"
"81","Dan Vladar","BOS","5","29.583333333333","5.9166666666667","10.14","10.14","1.000","0.00","0.80","0.61","2.03","2.03","1.000","0.00","0.42","2.03","2.03","1.000","0.00","0.18","0","0","-","0.00","0.00","2.03","0","107.00","-"
"82","Sam Montembeault","FLA","14","60.916666666667","4.3511904761905","9.85","9.85","1.000","0.00","0.78","0.66","1.97","1.97","1.000","0.00","0.41","0.98","0.98","1.000","0.00","0.09","1.97","1.97","1.000","0.00","0.07","1.97","0.98","90.30","-"
"85","Joey Daccord","OTT","8","40.65","5.08125","11.81","11.81","1.000","0.00","0.93","0.71","4.43","4.43","1.000","0.00","0.92","1.48","1.48","1.000","0.00","0.13","2.95","2.95","1.000","0.00","0.10","2.95","0","51.00","-"
"94","Adam Werner","COL","2","8.55","4.275","28.07","28.07","1.000","0.00","2.22","0.55","0","0","-","0.00","0.00","7.02","7.02","1.000","0.00","0.62","0","0","-","0.00","0.00","14.04","0","129.50","-"
"96","Jake Oettinger","DAL","29","112.83333333333","3.8908045977011","10.1","10.1","1.000","0.00","0.80","0.65","1.06","1.06","1.000","0.00","0.22","2.66","2.66","1.000","0.00","0.23","2.13","2.13","1.000","0.00","0.07","1.06","0","81.32","-"
"97","Michael Dipietro","VAN","1","1.65","1.65","72.73","72.73","1.000","0.00","5.75","7.24","36.36","36.36","1.000","0.00","7.53","0","0","-","0.00","0.00","36.36","36.36","1.000","0.00","1.28","0","0","33.00","-"
"100","Hunter Miska","COL","5","24.9","4.98","12.05","12.05","1.000","0.00","0.95","0.76","4.82","4.82","1.000","0.00","1.00","2.41","2.41","1.000","0.00","0.21","0","0","-","0.00","0.00","7.23","0","65.00","-"
"101","Matiss Kivlenieks","CBJ","8","19.366666666667","2.4208333333333","6.2","6.2","1.000","0.00","0.49","0.53","3.1","3.1","1.000","0.00","0.64","0","0","-","0.00","0.00","0","0","-","0.00","0.00","0","0","76.00","-"
"105","Josef Korenar","S.J","10","46.35","4.635","7.77","7.77","1.000","0.00","0.61","1.12","5.18","5.18","1.000","0.00","1.07","1.29","1.29","1.000","0.00","0.11","0","0","-","0.00","0.00","5.18","1.29","42.50","-"
"108","Pavel Francouz","COL","34","168.78333333333","4.9642156862745","12.44","12.44","1.000","0.00","0.98","0.75","0.71","0.71","1.000","0.00","0.15","4.27","4.27","1.000","0.00","0.37","2.13","2.13","1.000","0.00","0.07","2.13","0.36","80.83","-"
"111","Ivan Prosvetov","ARI","3","12.983333333333","4.3277777777778","13.86","13.86","1.000","0.00","1.10","0.89","9.24","9.24","1.000","0.00","1.91","0","0","-","0.00","0.00","0","0","-","0.00","0.00","4.62","4.62","58.00","-"
"112","Spencer Knight","FLA","4","21.566666666667","5.3916666666667","8.35","8.35","1.000","0.00","0.66","0.62","2.78","2.78","1.000","0.00","0.58","2.78","2.78","1.000","0.00","0.24","0","0","-","0.00","0.00","0","0","58.00","-"
"113","Alexei Melnichuk","S.J","3","6","2","10","10","1.000","0.00","0.79","0.54","0","0","-","0.00","0.00","10","10","1.000","0.00","0.88","0","0","-","0.00","0.00","0","0","26.00","-"
"6","Marc-Andre Fleury","VGK","85","390.51666666667","4.5943137254902","7.22","7.07","0.979","0.15","0.42","0.5","2","1.84","0.923","0.15","0.26","1.84","1.84","1.000","0.00","0.16","0.61","0.61","1.000","0.00","0.02","1.23","0.46","71.72","21.00"
"60","Connor Hellebuyck","WPG","103","461.51666666667","4.4807443365696","12.22","11.96","0.979","0.26","0.71","0.91","3.25","2.99","0.920","0.26","0.41","2.21","2.21","1.000","0.00","0.19","1.69","1.69","1.000","0.00","0.06","1.95","0.78","78.37","14.50"
"13","Thomas Greiss","DET, NYI","65","231.5","3.5615384615385","10.63","10.37","0.976","0.26","0.58","0.71","3.63","3.37","0.929","0.26","0.49","2.33","2.33","1.000","0.00","0.20","1.81","1.81","1.000","0.00","0.06","1.04","0.26","57.83","16.00"
"19","Ben Bishop","DAL","44","191.53333333333","4.3530303030303","11.9","11.59","0.974","0.31","0.63","0.62","2.19","2.19","1.000","0.00","0.45","1.57","1.25","0.800","0.31","-0.18","2.19","2.19","1.000","0.00","0.08","2.82","0.31","84.87","44.00"
"79","Igor Shesterkin","NYR","47","208.36666666667","4.4333333333333","10.37","10.08","0.972","0.29","0.53","0.5","0.86","0.58","0.667","0.29","-0.11","2.3","2.3","1.000","0.00","0.20","0.86","0.86","1.000","0.00","0.03","1.44","0.58","107.36","12.00"
"78","Kaapo Kahkonen","MIN","29","145.11666666667","5.0040229885057","11.16","10.75","0.963","0.41","0.47","0.87","2.48","2.07","0.833","0.41","0.10","0.83","0.83","1.000","0.00","0.07","3.31","3.31","1.000","0.00","0.12","2.07","0.41","84.48","34.00"
"54","Malcolm Subban","CHI, VGK","37","167.15","4.5175675675676","9.33","8.97","0.962","0.36","0.38","0.81","3.95","3.59","0.909","0.36","0.46","1.79","1.79","1.000","0.00","0.16","1.08","1.08","1.000","0.00","0.04","0.72","1.08","56.08","9.00"
"67","Marcus Hogberg","OTT","38","164.91666666667","4.3399122807018","8.73","8.37","0.958","0.36","0.33","0.47","1.46","1.09","0.750","0.36","-0.06","1.46","1.46","1.000","0.00","0.13","1.82","1.82","1.000","0.00","0.06","1.46","0","87.92","21.00"
"33","Darcy Kuemper","ARI","56","284.95","5.0883928571429","9.05","8.63","0.953","0.42","0.29","0.7","2.74","2.32","0.846","0.42","0.15","0.42","0.42","1.000","0.00","0.04","2.53","2.53","1.000","0.00","0.09","1.68","0.21","70.02","15.00"
"69","Tristan Jarry","PIT","72","298.55","4.1465277777778","12.46","11.86","0.952","0.60","0.38","0.97","3.42","3.22","0.941","0.20","0.51","2.81","2.41","0.857","0.40","-0.15","2.21","2.21","1.000","0.00","0.08","1.21","0.6","63.92","22.67"
"61","Linus Ullmark","BUF","54","257.95","4.7768518518519","9.54","9.07","0.951","0.47","0.29","0.68","2.56","2.09","0.818","0.47","0.06","1.86","1.86","1.000","0.00","0.16","1.63","1.63","1.000","0.00","0.06","1.4","0","67.07","7.00"
"16","Carey Price","MTL","83","347.38333333333","4.1853413654618","10.36","9.85","0.950","0.52","0.30","0.67","2.76","2.25","0.813","0.52","0.05","1.73","1.73","1.000","0.00","0.15","1.73","1.73","1.000","0.00","0.06","1.21","0.35","71.68","15.33"
"72","Alex Nedeljkovic","CAR","27","110.6","4.0962962962963","10.85","10.31","0.950","0.54","0.32","1.46","4.88","4.34","0.889","0.54","0.47","2.17","2.17","1.000","0.00","0.19","3.25","3.25","1.000","0.00","0.11","1.08","1.08","29.35","5.00"
"36","Sergei Bobrovsky","FLA","81","417.05","5.1487654320988","13.67","12.95","0.947","0.72","0.36","0.91","3.45","3.17","0.917","0.29","0.43","2.73","2.59","0.947","0.14","0.10","3.02","2.73","0.905","0.29","-0.18","0.86","0.72","63.63","28.80"
"71","Thatcher Demko","VAN","62","294.63333333333","4.7521505376344","11","10.39","0.944","0.61","0.26","0.75","3.05","2.65","0.867","0.41","0.23","2.65","2.44","0.923","0.20","0.03","2.04","2.04","1.000","0.00","0.07","0.81","0","64.57","17.33"
"91","Carter Hart","PHI","70","326.85","4.6692857142857","12.85","12.12","0.943","0.73","0.28","0.87","3.3","2.75","0.833","0.55","0.13","2.02","2.02","1.000","0.00","0.18","3.67","3.49","0.950","0.18","-0.05","1.65","0.55","64.90","10.00"
"49","Jordan Binnington","STL","92","394.4","4.2869565217391","10.5","9.89","0.942","0.61","0.22","0.94","3.19","2.89","0.905","0.30","0.36","2.43","2.28","0.938","0.15","0.06","1.98","1.83","0.923","0.15","-0.08","1.37","1.52","59.45","17.75"
"28","Dustin Tokarski","BUF","13","60.783333333333","4.675641025641","16.78","15.79","0.941","0.99","0.34","1.2","4.94","3.95","0.800","0.99","0.03","0","0","-","0.00","0.00","3.95","3.95","1.000","0.00","0.14","0.99","0","87.12","14.00"
"55","Andrei Vasilevskiy","T.B","94","446.66666666667","4.7517730496454","13.3","12.49","0.939","0.81","0.25","0.84","2.96","2.55","0.864","0.40","0.21","3.36","2.96","0.880","0.40","-0.11","2.69","2.69","1.000","0.00","0.09","1.48","0.4","65.81","17.83"
"23","Semyon Varlamov","NYI","81","317.63333333333","3.9213991769547","9.07","8.5","0.938","0.57","0.15","0.66","2.46","2.08","0.846","0.38","0.13","1.51","1.32","0.875","0.19","-0.06","2.46","2.46","1.000","0.00","0.09","2.08","0.19","62.06","24.33"
"25","Jake Allen","MTL, STL","53","247.01666666667","4.6606918238994","7.77","7.29","0.938","0.49","0.13","0.64","2.67","2.19","0.818","0.49","0.07","1.21","1.21","1.000","0.00","0.11","1.21","1.21","1.000","0.00","0.04","0.97","0.24","63.56","16.50"
"64","Antti Raanta","ARI","45","220","4.8888888888889","13.09","12.27","0.938","0.82","0.22","0.98","3","2.18","0.727","0.82","-0.20","3.82","3.82","1.000","0.00","0.34","2.73","2.73","1.000","0.00","0.10","2.18","0.27","61.75","12.67"
"14","Anton Khudobin","DAL","62","283.51666666667","4.5728494623656","9.95","9.31","0.936","0.63","0.15","0.47","0.85","0.63","0.750","0.21","-0.04","2.12","1.9","0.900","0.21","-0.03","2.33","2.12","0.909","0.21","-0.13","1.48","0.21","88.13","27.33"
"1","Craig Anderson","OTT, WSH","38","174.61666666667","4.5951754385965","10.65","9.96","0.935","0.69","0.16","0.56","2.06","1.37","0.667","0.69","-0.26","1.72","1.72","1.000","0.00","0.15","1.37","1.37","1.000","0.00","0.05","1.03","0.34","93.29","19.50"
"26","Michael Hutchinson","COL, TOR","24","99.55","4.1479166666667","9.04","8.44","0.933","0.60","0.11","0.86","2.41","1.81","0.750","0.60","-0.10","2.41","2.41","1.000","0.00","0.21","2.41","2.41","1.000","0.00","0.08","1.81","0.6","57.47","12.00"
"41","Louis Domingue","CGY, N.J, VAN","18","71.95","3.9972222222222","12.51","11.67","0.933","0.83","0.16","1.48","5","4.17","0.833","0.83","0.20","3.34","3.34","1.000","0.00","0.29","2.5","2.5","1.000","0.00","0.09","0.83","0.83","45.67","16.00"
"57","Chris Driedger","FLA","35","163.45","4.67","11.01","10.28","0.933","0.73","0.14","0.58","1.47","1.1","0.750","0.37","-0.06","2.2","1.84","0.833","0.37","-0.17","2.57","2.57","1.000","0.00","0.09","2.2","0","80.13","18.00"
"66","Cal Petersen","L.A","43","194.28333333333","4.5182170542636","13.9","12.97","0.933","0.93","0.17","0.74","3.09","2.16","0.700","0.93","-0.29","2.47","2.47","1.000","0.00","0.22","1.85","1.85","1.000","0.00","0.07","1.85","0.62","86.29","8.00"
"31","Anders Nilsson","OTT","20","88.866666666667","4.4433333333333","19.58","18.23","0.931","1.35","0.20","1.47","4.05","2.7","0.667","1.35","-0.51","7.43","7.43","1.000","0.00","0.65","2.7","2.7","1.000","0.00","0.09","2.03","1.35","64.86","14.50"
"62","Aaron Dell","N.J, S.J","40","166.28333333333","4.1570833333333","10.46","9.74","0.931","0.72","0.11","0.79","2.16","1.44","0.667","0.72","-0.27","2.16","2.16","1.000","0.00","0.19","2.53","2.53","1.000","0.00","0.09","1.08","0.36","72.03","8.50"
"68","Juuse Saros","NSH","76","332.2","4.3710526315789","10.3","9.57","0.930","0.72","0.09","0.7","2.71","1.99","0.733","0.72","-0.16","1.44","1.44","1.000","0.00","0.13","2.71","2.71","1.000","0.00","0.10","1.44","0.36","68.63","13.50"
"21","James Reimer","CAR","47","211.83333333333","4.5070921985816","7.65","7.08","0.926","0.57","0.04","0.52","2.55","1.98","0.778","0.57","-0.04","1.13","1.13","1.000","0.00","0.10","1.98","1.98","1.000","0.00","0.07","0.28","0.28","60.85","11.00"
"17","Tuukka Rask","BOS","65","330.23333333333","5.0805128205128","14.17","13.08","0.923","1.09","0.03","1.21","4.54","3.63","0.800","0.91","0.03","1.82","1.82","1.000","0.00","0.16","2.54","2.36","0.929","0.18","-0.09","3.63","0.73","70.36","20.17"
"84","Adin Hill","ARI","32","145.38333333333","4.5432291666667","10.73","9.9","0.923","0.83","0.02","0.65","2.06","1.24","0.600","0.83","-0.40","2.06","2.06","1.000","0.00","0.18","2.48","2.48","1.000","0.00","0.09","2.06","0.83","80.00","17.50"
"3","Henrik Lundqvist","NYR","30","148.3","4.9433333333333","14.97","13.76","0.919","1.21","-0.03","1.04","2.83","2.02","0.714","0.81","-0.22","2.02","1.62","0.800","0.40","-0.23","3.24","3.24","1.000","0.00","0.11","2.83","1.21","89.00","15.00"
"10","Brian Elliott","PHI","61","278.13333333333","4.5595628415301","10.57","9.71","0.918","0.86","-0.03","0.84","3.24","3.24","1.000","0.00","0.67","2.59","1.94","0.750","0.65","-0.42","2.16","1.94","0.900","0.22","-0.14","1.29","0.86","54.71","29.00"
"12","Cory Schneider","N.J","13","76.05","5.85","9.47","8.68","0.917","0.79","-0.04","0.65","1.58","1.58","1.000","0.00","0.33","0.79","0","0.000","0.79","-0.72","3.16","3.16","1.000","0.00","0.11","1.58","0.79","77.25","15.00"
"92","Filip Gustavsson","OTT","9","37.016666666667","4.112962962963","19.45","17.83","0.917","1.62","-0.08","1.39","4.86","3.24","0.667","1.62","-0.61","3.24","3.24","1.000","0.00","0.28","4.86","4.86","1.000","0.00","0.17","1.62","0","63.92","10.00"
"38","Jack Campbell","L.A, TOR","48","213.81666666667","4.4545138888889","13.19","12.07","0.915","1.12","-0.08","0.97","3.37","2.24","0.667","1.12","-0.43","3.65","3.65","1.000","0.00","0.32","2.81","2.81","1.000","0.00","0.10","1.68","0.56","58.17","13.25"
"50","John Gibson","ANA","86","378.43333333333","4.4003875968992","9.2","8.4","0.914","0.79","-0.07","0.67","1.59","1.27","0.800","0.32","0.01","2.85","2.38","0.833","0.48","-0.23","1.43","1.43","1.000","0.00","0.05","0.79","0.32","73.50","19.80"
"20","Alex Stalock","MIN","38","210.86666666667","5.5491228070175","9.67","8.82","0.912","0.85","-0.09","0.51","2.56","1.99","0.778","0.57","-0.04","2.56","2.28","0.889","0.28","-0.06","0.57","0.57","1.000","0.00","0.02","1.14","0","74.71","21.00"
"29","Martin Jones","S.J","75","328.3","4.3773333333333","12.43","11.33","0.912","1.10","-0.11","0.89","3.84","2.92","0.762","0.91","-0.12","2.01","1.83","0.909","0.18","-0.01","1.46","1.46","1.000","0.00","0.05","2.01","0.73","74.16","8.83"
"24","Jacob Markstrom","CGY, VAN","86","472.83333333333","5.4980620155039","9.9","9.01","0.910","0.89","-0.11","0.66","2.41","1.9","0.789","0.51","-0.01","2.41","2.16","0.895","0.25","-0.04","1.9","1.78","0.933","0.13","-0.06","1.4","0.25","66.90","19.57"
"5","Curtis McElhinney","T.B","30","176.36666666667","5.8788888888889","10.89","9.87","0.906","1.02","-0.16","0.92","4.08","3.74","0.917","0.34","0.51","2.72","2.38","0.875","0.34","-0.10","1.02","0.68","0.667","0.34","-0.30","1.7","0.68","53.28","23.33"
"8","Jimmy Howard","DET","27","106.31666666667","3.9376543209877","11.85","10.72","0.905","1.13","-0.19","0.72","2.82","1.69","0.600","1.13","-0.54","3.39","3.39","1.000","0.00","0.30","3.39","3.39","1.000","0.00","0.12","1.69","0","54.86","9.00"
"9","Jaroslav Halak","BOS","50","227.73333333333","4.5546666666667","13.7","12.38","0.904","1.32","-0.23","1.02","3.95","3.43","0.867","0.53","0.29","2.37","1.84","0.778","0.53","-0.32","2.63","2.37","0.900","0.26","-0.17","2.9","1.84","67.94","26.40"
"35","Cam Talbot","CGY, MIN","59","277.33333333333","4.7005649717514","6.71","6.06","0.903","0.65","-0.12","0.41","1.3","0.87","0.667","0.43","-0.16","1.3","1.08","0.833","0.22","-0.10","0.87","0.87","1.000","0.00","0.03","1.73","0.22","84.61","20.67"
"7","Corey Crawford","CHI","40","196.26666666667","4.9066666666667","9.17","8.25","0.900","0.92","-0.19","0.56","1.83","1.22","0.667","0.61","-0.23","1.22","0.92","0.750","0.31","-0.20","1.53","1.53","1.000","0.00","0.05","0.61","0.31","86.73","16.00"
"43","Frederik Andersen","TOR","76","326.5","4.2960526315789","12.86","11.58","0.900","1.29","-0.27","1.09","3.68","2.76","0.750","0.92","-0.16","3.12","2.76","0.882","0.37","-0.09","2.57","2.57","1.000","0.00","0.09","2.21","0.74","57.94","16.00"
"46","Laurent Brossoit","WPG","33","142.68333333333","4.3237373737374","12.62","11.35","0.900","1.26","-0.26","0.94","4.63","3.78","0.818","0.84","0.12","2.52","2.1","0.833","0.42","-0.20","0.84","0.84","1.000","0.00","0.03","1.68","0.42","60.90","22.67"
"77","Ville Husso","STL","17","65.7","3.8647058823529","9.13","8.22","0.900","0.91","-0.19","1.06","3.65","3.65","1.000","0.00","0.76","0.91","0","0.000","0.91","-0.83","0.91","0.91","1.000","0.00","0.03","1.83","1.83","76.30","23.00"
"58","Joonas Korpisalo","CBJ","70","303.76666666667","4.3395238095238","11.65","10.47","0.898","1.19","-0.26","1.06","5.14","3.95","0.769","1.19","-0.12","1.78","1.78","1.000","0.00","0.16","2.57","2.57","1.000","0.00","0.09","1.38","0.79","42.56","11.50"
"40","Philipp Grubauer","COL","76","427.55","5.6256578947368","9.54","8.56","0.897","0.98","-0.23","0.66","2.95","2.11","0.714","0.84","-0.23","1.12","0.98","0.875","0.14","-0.04","1.4","1.4","1.000","0.00","0.05","1.68","0.42","80.60","21.71"
"106","Alexandar Georgiev","NYR","53","250.8","4.7320754716981","9.33","8.37","0.897","0.96","-0.22","0.69","2.87","2.15","0.750","0.72","-0.12","0.96","0.72","0.750","0.24","-0.16","2.63","2.63","1.000","0.00","0.09","1.67","0.24","63.05","14.25"
"109","Kevin Lankinen","CHI","37","194.3","5.2513513513514","12.04","10.81","0.897","1.24","-0.28","1.01","3.4","2.78","0.818","0.62","0.09","2.78","2.16","0.778","0.62","-0.37","2.78","2.78","1.000","0.00","0.10","1.54","0.62","55.74","18.75"
"27","Braden Holtby","VAN, WSH","69","342.8","4.968115942029","9.98","8.93","0.895","1.05","-0.26","0.91","2.63","1.75","0.667","0.88","-0.33","3.15","2.98","0.944","0.18","0.10","1.05","1.05","1.000","0.00","0.04","1.93","0.88","58.09","14.17"
"4","Mike Smith","EDM","71","300.98333333333","4.2392018779343","11.16","9.97","0.893","1.20","-0.31","0.74","2.19","1.99","0.909","0.20","0.25","3.19","2.39","0.750","0.80","-0.52","1.79","1.59","0.889","0.20","-0.14","1.4","0.2","74.21","23.33"
"2","Ryan Miller","ANA","39","129.6","3.3230769230769","12.5","11.11","0.889","1.39","-0.40","1.12","4.63","4.17","0.900","0.46","0.50","2.78","2.31","0.833","0.46","-0.22","1.39","0.93","0.667","0.46","-0.41","3.7","0.46","59.26","16.33"
"11","Devan Dubnyk","COL, MIN, S.J","52","211.31666666667","4.0637820512821","10.22","9.09","0.889","1.14","-0.33","0.62","1.7","0.85","0.500","0.85","-0.50","2.27","2.27","1.000","0.00","0.20","2.27","1.99","0.875","0.28","-0.20","1.99","0.57","72.00","23.50"
"103","Jeremy Swayman","BOS","10","41.85","4.185","12.9","11.47","0.889","1.43","-0.41","0.8","2.87","2.87","1.000","0.00","0.59","4.3","2.87","0.667","1.43","-1.06","1.43","1.43","1.000","0.00","0.05","0","0","65.67","26.00"
"32","Robin Lehner","CHI, VGK","55","266.98333333333","4.8542424242424","13.71","12.14","0.885","1.57","-0.49","0.95","2.7","1.8","0.667","0.90","-0.34","3.6","3.37","0.938","0.22","0.09","2.47","2.02","0.818","0.45","-0.36","1.8","0.22","69.57","22.43"
"22","Jonathan Bernier","DET","70","341.2","4.8742857142857","13.19","11.61","0.880","1.58","-0.54","1.1","3.69","2.81","0.762","0.88","-0.11","4.22","3.52","0.833","0.70","-0.33","1.93","1.93","1.000","0.00","0.07","1.58","0.53","53.29","17.11"
"56","Matt Murray","OTT, PIT","65","317.45","4.8838461538462","10.77","9.45","0.877","1.32","-0.47","0.77","2.84","1.89","0.667","0.95","-0.36","2.46","2.27","0.923","0.19","0.03","1.7","1.51","0.889","0.19","-0.13","2.08","0.19","70.44","20.00"
"39","Scott Wedgewood","N.J","16","64","4","7.5","6.56","0.875","0.94","-0.34","0.3","0","0","-","0.00","0.00","3.75","2.81","0.750","0.94","-0.61","0","0","-","0.00","0.00","1.88","0","79.63","32.00"
"87","Casey DeSmith","PIT","20","84.75","4.2375","11.33","9.91","0.875","1.42","-0.52","1.11","4.25","3.54","0.833","0.71","0.17","3.54","2.83","0.800","0.71","-0.40","2.12","2.12","1.000","0.00","0.07","0.71","0.71","39.25","20.00"
"90","Alex Lyon","PHI","9","45.383333333333","5.0425925925926","10.58","9.25","0.875","1.32","-0.49","0.93","3.97","2.64","0.667","1.32","-0.50","0","0","-","0.00","0.00","3.97","3.97","1.000","0.00","0.14","1.32","1.32","60.50","13.00"
"107","Collin Delia","CHI","6","31.55","5.2583333333333","15.21","13.31","0.875","1.90","-0.70","1.21","5.71","3.8","0.667","1.90","-0.72","0","0","-","0.00","0.00","7.61","7.61","1.000","0.00","0.27","1.9","0","39.38","6.00"
"80","Mackenzie Blackwood","N.J","82","391.05","4.7689024390244","10.89","9.51","0.873","1.38","-0.52","0.94","3.84","2.92","0.760","0.92","-0.13","3.38","3.07","0.909","0.31","-0.01","1.07","0.92","0.857","0.15","-0.12","1.38","0.46","56.18","22.00"
"93","David Rittich","CGY, TOR","67","286.53333333333","4.2766169154229","14.87","12.98","0.873","1.88","-0.71","1.14","3.98","2.51","0.632","1.47","-0.64","4.4","3.98","0.905","0.42","-0.03","1.68","1.68","1.000","0.00","0.06","2.51","0.63","60.32","17.67"
"15","Pekka Rinne","NSH","60","302","5.0333333333333","7.75","6.75","0.872","0.99","-0.38","0.64","1.99","1.19","0.600","0.79","-0.38","1.79","1.59","0.889","0.20","-0.04","1.59","1.59","1.000","0.00","0.06","1.79","0.2","66.26","19.00"
"30","Mikko Koskinen","EDM","64","269.55","4.21171875","10.02","8.68","0.867","1.34","-0.54","0.72","2.45","1.78","0.727","0.67","-0.16","2.89","2.45","0.846","0.45","-0.19","1.56","1.34","0.857","0.22","-0.17","2","0.67","58.93","19.17"
"89","Charlie Lindgren","MTL","6","33.8","5.6333333333333","12.43","10.65","0.857","1.78","-0.79","1.25","5.33","3.55","0.667","1.78","-0.67","3.55","3.55","1.000","0.00","0.31","3.55","3.55","1.000","0.00","0.12","0","0","25.14","16.00"
"45","Keith Kinkaid","MTL, NYR","15","67.133333333333","4.4755555555556","11.62","9.83","0.846","1.79","-0.87","0.73","3.57","1.79","0.500","1.79","-1.05","0.89","0.89","1.000","0.00","0.08","0.89","0.89","1.000","0.00","0.03","1.79","0.89","96.00","15.50"
"73","Vitek Vanecek","WSH","37","153.86666666667","4.1585585585586","10.14","8.58","0.846","1.56","-0.76","0.63","1.95","1.17","0.600","0.78","-0.38","1.95","1.56","0.800","0.39","-0.22","1.95","1.56","0.800","0.39","-0.32","1.17","0","81.23","20.00"
"83","Ilya Samsonov","WSH","45","211.41666666667","4.6981481481481","12.2","10.22","0.837","1.99","-1.02","0.92","2.55","1.14","0.444","1.42","-0.89","1.99","1.99","1.000","0.00","0.17","3.97","3.41","0.857","0.57","-0.43","1.99","0.57","66.30","23.00"
"70","Eric Comrie","DET, N.J","4","16.616666666667","4.1541666666667","21.66","18.05","0.833","3.61","-1.90","3.66","18.05","14.44","0.800","3.61","0.13","3.61","3.61","1.000","0.00","0.32","0","0","-","0.00","0.00","0","10.83","11.83","3.00"
"42","Petr Mrazek","CAR","52","243.26666666667","4.6782051282051","8.39","6.91","0.824","1.48","-0.82","0.71","2.96","1.73","0.583","1.23","-0.62","1.23","0.99","0.800","0.25","-0.14","0.49","0.49","1.000","0.00","0.02","1.73","0.49","74.56","17.17"
"34","Carter Hutton","BUF","44","178.9","4.0659090909091","10.4","8.38","0.806","2.01","-1.19","0.81","3.69","1.68","0.455","2.01","-1.25","1.68","1.68","1.000","0.00","0.15","1.68","1.68","1.000","0.00","0.06","1.68","0.67","64.06","12.50"
"99","Cayden Primeau","MTL","6","24.583333333333","4.0972222222222","12.2","9.76","0.800","2.44","-1.48","0.89","2.44","2.44","1.000","0.00","0.51","4.88","4.88","1.000","0.00","0.43","2.44","0","0.000","2.44","-2.35","2.44","0","51.80","57.00"
"37","Calvin Pickard","DET","9","36.05","4.0055555555556","6.66","4.99","0.750","1.66","-1.14","0.57","3.33","1.66","0.500","1.66","-0.98","3.33","3.33","1.000","0.00","0.29","0","0","-","0.00","0.00","0","1.66","23.25","32.00"
"44","Michael Houser","BUF","4","13.316666666667","3.3291666666667","9.01","4.51","0.500","4.51","-3.79","0.76","4.51","4.51","1.000","0.00","0.93","4.51","0","0.000","4.51","-4.11","0","0","-","0.00","0.00","0","0","22.50","29.00"
"110","Veini Vehvilainen","CBJ","1","3.7833333333333","3.7833333333333","31.72","15.86","0.500","15.86","-13.35","1.04","0","0","-","0.00","0.00","15.86","0","0.000","15.86","-14.47","0","0","-","0.00","0.00","0","0","54.00","18.00"
"48","Garret Sparks","VGK","1","4","4","15","0","0.000","15.00","-13.81","5.76","0","0","-","0.00","0.00","15","0","0.000","15.00","-13.68","0","0","-","0.00","0.00","0","15","7.00","7.00"
"88","Kasimir Kaskisuo","NSH, TOR","2","4","2","15","0","0.000","15.00","-13.81","2.82","15","0","0.000","15.00","-11.89","0","0","-","0.00","0.00","0","0","-","0.00","0.00","15","0","10.00","10.00"
"51","Christopher Gibson","T.B","2","6.1","3.05","0","0","-","0.00","0.00","0","0","0","-","0.00","0.00","0","0","-","0.00","0.00","0","0","-","0.00","0.00","0","0","-","-"
"86","David Ayres","CAR","1","3.9666666666667","3.9666666666667","0","0","-","0.00","0.00","0","0","0","-","0.00","0.00","0","0","-","0.00","0.00","0","0","-","0.00","0.00","0","0","-","-"
"95","Stuart Skinner","EDM","1","6.0666666666667","6.0666666666667","0","0","-","0.00","0.00","0","0","0","-","0.00","0.00","0","0","-","0.00","0.00","0","0","-","0.00","0.00","0","0","-","-"
"98","Ukko-Pekka Luukkonen","BUF","4","10.266666666667","2.5666666666667","0","0","-","0.00","0.00","0","0","0","-","0.00","0.00","0","0","-","0.00","0.00","0","0","-","0.00","0.00","0","0","-","-"
"102","Gilles Senn","N.J","2","4.5","2.25","0","0","-","0.00","0.00","0","0","0","-","0.00","0.00","0","0","-","0.00","0.00","0","0","-","0.00","0.00","0","0","-","-"
"104","Logan Thompson","VGK","1","2","2","0","0","-","0.00","0.00","0","0","0","-","0.00","0.00","0","0","-","0.00","0.00","0","0","-","0.00","0.00","30","0","-","-"